,Battery,Women,Opera,Flight,Transmit
Transmit,-0.038716316,0.21539037,0.42996696,0.24036545,0.23027168
Telegraph,-0.12739506,0.1435658,0.1353682,0.04255316,0.056057498
Escape,-0.06779581,0.008945765,-0.12303482,-0.06254479,-0.017381324
Radio,-0.096319094,0.14175928,0.0877627,0.08022961,-0.08695904
Radio,0.13644566,-0.06163284,0.2875343,0.4691099,0.17646024
