Cluster ID,Max Similarity
Reform,0.2508273
1980s,0.13438392
Disaster,0.40836987
Fashion,0.4235136
Launch,0.24583519
