Cluster ID,Max Similarity
Rights,0.4022392
Famine,0.22797814
Fashion,0.39986408
Tennis,0.41021675
Sports,0.26610303
