Cluster ID,Max Similarity
Battery,0.13644566
Women,0.21539037
Opera,0.42996696
Flight,0.4691099
Transmit,0.23027168
