Cluster ID,Max Similarity
Materials,0.14882411
Computer,0.30871683
WWII,0.41837814
Victims,0.07463503
Navy,0.23465274
