Cluster ID,Max Similarity
Kingdom,0.11026939
Depression,0.2970361
War,0.17173356
War,0.1405133
Music,0.36167327
